depth,surface_diff,svd_threshold,expansion_order,runtime,min_rel_err,mean_rel_err,max_rel_err,rel_l2_err,n_iter,n_oversamples,setup_time,cutoff_rank,rsvd
6,2,0,4,4201,0.000060956845,0.0001351683,0.00021123265,0.00014360028,0,5,11227,55,1
6,2,0.0000001,4,4057,0.000060956845,0.00013507527,0.00021115133,0.00014351122,0,5,10797,55,1
6,2,0.00001,4,3764,0.000061038336,0.00013511018,0.00021115133,0.0001435272,0,5,10800,55,1
6,2,0.001,4,3788,0.000061038336,0.00013509853,0.00021115133,0.00014352791,0,5,11294,55,1
6,2,0.1,4,2587,0.000018107648,0.000052162155,0.00011217508,0.000059587943,0,5,11536,33,1
