depth,surface_diff,svd_threshold,expansion_order,runtime,min_rel_err,mean_rel_err,max_rel_err,rel_l2_err,n_iter,n_oversamples,setup_time,cutoff_rank,rsvd
5,0,0,4,4229,0.0000021707817,0.00013911394,0.00038422676,0.00016348285,0,10,3867,28,1
5,0,0.0000001,4,4232,0.0000024923797,0.00013902309,0.00038383933,0.00016333835,0,10,3844,28,1
5,0,0.00001,4,4199,0.0000021707817,0.00013911091,0.00038422676,0.00016347488,0,10,3939,28,1
5,0,0.001,4,4144,0.000002813978,0.00013891123,0.00038345193,0.0001631384,0,10,3912,28,1
5,0,0.1,4,4178,0.00000039258282,0.0002433904,0.0005026652,0.00028145194,0,10,4331,26,1
