depth,surface_diff,svd_threshold,expansion_order,runtime,min_rel_err,mean_rel_err,max_rel_err,rel_l2_err,n_iter,n_oversamples,setup_time,cutoff_rank,rsvd
6,0,0,3,2170,0.00043885523,0.00053692335,0.00059342757,0.0005387737,0,5,12606,13,1
6,0,0.0000001,3,1929,0.0004387738,0.0005367837,0.000593265,0.00053863187,0,5,11421,13,1
6,0,0.00001,3,1832,0.00043885523,0.0005368536,0.000593265,0.0005387015,0,5,11723,13,1
6,0,0.001,3,1857,0.00043852953,0.0005366442,0.0005931024,0.00053849583,0,5,11450,13,1
6,0,0.1,3,1820,0.0017517754,0.0018524723,0.0018964951,0.0018496307,0,5,11547,13,1
