depth,surface_diff,svd_threshold,expansion_order,runtime,min_rel_err,mean_rel_err,max_rel_err,rel_l2_err,n_iter,n_oversamples,setup_time,cutoff_rank,rsvd
6,0,0,3,3449,0.00007245567410193929,0.00010178026744973767,0.000145646787001455,0.00010388262427931598,0,20,10430,13,1
6,0,0.0000001,3,3526,0.00007245567410193929,0.00010178026744980398,0.0001456467870013025,0.0001038826242793537,0,20,10363,13,1
6,0,0.00001,3,3467,0.00007245447872206529,0.00010177991357342736,0.000145648110576899,0.00010388244847071998,0,20,10788,13,1
6,0,0.001,3,3320,0.00007214225277352995,0.0001016833823545028,0.00014599009871900587,0.00010383250213214728,0,20,11308,13,1
6,0,0.1,3,2997,0.000978372444343304,0.0011040274234789434,0.001174848649700635,0.0011063384563901348,0,20,11519,13,1
