depth,surface_diff,svd_threshold,expansion_order,runtime,min_rel_err,mean_rel_err,max_rel_err,rel_l2_err,n_iter,n_oversamples,setup_time,cutoff_rank,rsvd
6,2,0,3,4876,0.00001868313029831827,0.000029033971108306075,0.00003920586117440329,0.000029812046323038486,0,10,11070,25,1
6,2,0.0000001,3,5068,0.00001868314084627707,0.00002903397412641616,0.00003920587171590274,0.000029812048316747706,0,10,10545,25,1
6,2,0.00001,3,4913,0.00001865217922989571,0.000029026668459155944,0.00003917638325218373,0.0000298078078063944,0,10,11266,25,1
6,2,0.001,3,4218,0.00002131907235637329,0.000029867042379703307,0.00004186327206843481,0.000030513666743583146,0,10,11722,25,1
6,2,0.1,3,3988,0.00039240702140491766,0.0004251822870656419,0.00045052831696418787,0.0004257371397185136,0,10,11555,25,1
