depth,surface_diff,svd_threshold,expansion_order,runtime,min_rel_err,mean_rel_err,max_rel_err,rel_l2_err,n_iter,n_oversamples,setup_time,cutoff_rank,rsvd
4,1,0,10,1816,0.0000000000008975019348496137,0.000000000044225561872599816,0.00000000017054224055445856,0.00000000005522497677340956,0,20,12836,301,1
4,1,0.0000001,10,1523,0.00000000000018663450952592347,0.00000000004393517183173582,0.00000000017595273289454643,0.000000000055226855536315094,0,20,12686,301,1
4,1,0.00001,10,1487,0.000000000015030114106849983,0.0000000014813062116273246,0.00000000536608319207281,0.0000000019091612464417242,0,20,12328,268,1
4,1,0.001,10,1433,0.000000000034176438919478566,0.000000015604745598485904,0.00000005260318857111208,0.000000019520011164230125,0,20,11649,130,1
4,1,0.1,10,1394,0.00000007188366998154185,0.000002930651114402319,0.000004509553808039146,0.0000030788567944158856,0,20,11478,50,1
