depth,surface_diff,svd_threshold,expansion_order,runtime,min_rel_err,mean_rel_err,max_rel_err,rel_l2_err,n_iter,n_oversamples,setup_time,cutoff_rank,rsvd
5,0,0,5,647,0.0000003101850193809976,0.000002177382015994411,0.0000036948707176375502,0.000002419461571613946,0,20,1342,49,1
5,0,0.0000001,5,639,0.00000031021405955981665,0.000002177380286056386,0.00000369492291226881,0.000002419464233133424,0,20,1352,49,1
5,0,0.00001,5,577,0.0000003113737141877569,0.0000021781984322614295,0.0000036944764703697506,0.0000024200040798516524,0,20,1350,49,1
5,0,0.001,5,565,0.00000003977659990689749,0.0000019368290738290396,0.00000360353901992447,0.0000022415332990364354,0,20,1359,49,1
5,0,0.1,5,456,0.000025179624702423496,0.00005143882906776455,0.00007748916702229903,0.00005309532195091624,0,20,1361,33,1
