depth,surface_diff,svd_threshold,expansion_order,runtime,min_rel_err,mean_rel_err,max_rel_err,rel_l2_err,n_iter,n_oversamples,setup_time,cutoff_rank,rsvd
4,2,0,5,1264,0.0000000026350663108339072,0.0000003847494228733604,0.0000015163000765215337,0.0000004962937238193293,0,20,1185,97,1
4,2,0.0000001,5,1220,0.000000002661172903245234,0.0000003847797532634,0.000001516273061554123,0.0000004963350118032089,0,20,1196,97,1
4,2,0.00001,5,1227,0.0000000034401781594001564,0.00000038916000256034,0.0000015138675529739465,0.0000005015660494797205,0,20,1166,97,1
4,2,0.001,5,1237,0.000000016052144516415166,0.0000008038911231049653,0.000002543480453995674,0.0000009337518409564624,0,20,1163,97,1
4,2,0.1,5,1218,0.000000001788134188370785,0.000016256105015512475,0.00007903740059202114,0.00002304669327385497,0,20,1134,36,1
