depth,surface_diff,svd_threshold,expansion_order,runtime,min_rel_err,mean_rel_err,max_rel_err,rel_l2_err,n_iter,n_oversamples,setup_time,cutoff_rank,rsvd
5,0,0,10,4016,0.000000000011678809838044296,0.000000000280444635380277,0.000000001370439481226685,0.00000000041786665348856324,0,10,6619,244,1
5,0,0.0000001,10,2450,0.000000000015680032033043168,0.00000000028137045261512,0.000000001374992973856748,0.000000000419129624482652,0,10,6698,244,1
5,0,0.00001,10,2477,0.0000000016176624143316417,0.000000003420016657201664,0.000000005834090148611898,0.0000000035607010612374933,0,10,6725,244,1
5,0,0.001,10,1658,0.000000015222892090015672,0.000000024680918221172516,0.00000003296379864356885,0.000000025044447522440333,0,10,6361,130,1
5,0,0.1,10,1120,0.00000008058717040093569,0.0000013794577415856064,0.0000028888938431017,0.000001631017352982615,0,10,6779,50,1
