depth,surface_diff,svd_threshold,expansion_order,runtime,min_rel_err,mean_rel_err,max_rel_err,rel_l2_err,n_iter,n_oversamples,setup_time,cutoff_rank,rsvd
5,0,0,9,2937,0.000000001969092855524912,0.000000005304146416420885,0.000000007364203699702661,0.000000005466348559185813,0,5,4283,193,1
5,0,0.0000001,9,1853,0.000000001962530003568081,0.000000005297030050239618,0.000000007358367940679381,0.000000005459514958954283,0,5,4373,193,1
5,0,0.00001,9,1854,0.00000000007650092356561685,0.0000000017305718269372904,0.000000004021292045434459,0.0000000020553554923574984,0,5,4323,193,1
5,0,0.001,9,1331,0.0000000001323255137088218,0.000000009809616658530142,0.000000018057398515468758,0.000000011259405564021689,0,5,4144,127,1
5,0,0.1,9,844,0.00000007286767461610025,0.000002326556000526531,0.000004019707570113205,0.0000026287066717278813,0,5,4127,49,1
