depth,surface_diff,svd_threshold,expansion_order,runtime,min_rel_err,mean_rel_err,max_rel_err,rel_l2_err,n_iter,n_oversamples,setup_time,cutoff_rank,rsvd
5,2,0,6,1826,0.000000011865023126376867,0.00000016864608559780428,0.00000032946780024323495,0.00000018968904283496722,0,10,2684,148,1
5,2,0.0000001,6,1300,0.00000001187142308835116,0.00000016863228851093468,0.0000003294491458490371,0.00000018967455911506903,0,10,2625,148,1
5,2,0.00001,6,1229,0.000000012806282004610742,0.00000016187030363421777,0.00000031918847709776816,0.00000018251431045415652,0,10,2638,148,1
5,2,0.001,6,1016,0.00000023817677736732938,0.00000038475054861690244,0.0000005372200551103237,0.000000390151094407028,0,10,2604,115,1
5,2,0.1,6,593,0.00000008329575084137776,0.000006629427831495826,0.000012877885133681328,0.00000777099163879061,0,10,2536,39,1
