depth,surface_diff,svd_threshold,expansion_order,runtime,min_rel_err,mean_rel_err,max_rel_err,rel_l2_err,n_iter,n_oversamples,setup_time,cutoff_rank,rsvd
4,2,0,6,1731,0.0000000006039415096366315,0.0000000788549683701544,0.00000043416358892444446,0.00000011301717416519859,0,5,1828,148,1
4,2,0.0000001,6,1329,0.0000000006069328110386925,0.00000007885221626864877,0.000000434170402484787,0.00000011301454700584191,0,5,1859,148,1
4,2,0.00001,6,1550,0.000000001149643257246101,0.00000007837779831045467,0.00000043589487196165584,0.00000011190970276536378,0,5,1871,148,1
4,2,0.001,6,1294,0.00000001298545982660718,0.0000003304054186199004,0.0000005843530789429517,0.0000003428931817711705,0,5,2395,115,1
4,2,0.1,6,1243,0.0000002895098433985025,0.00001180741449531148,0.00001886947357345822,0.000012245448029756789,0,5,2187,39,1
