depth,surface_diff,svd_threshold,expansion_order,runtime,min_rel_err,mean_rel_err,max_rel_err,rel_l2_err,n_iter,n_oversamples,setup_time,cutoff_rank,rsvd
5,1,0,11,7513,0.000000000004123966036925874,0.00000000001094398712955343,0.000000000024762630271712346,0.000000000012195024673407661,0,20,23228,364,1
5,1,0.0000001,11,4322,0.00000000001033627931758215,0.000000000020086493141398438,0.00000000003800440131502725,0.000000000021210007537423656,0,20,23040,364,1
5,1,0.00001,11,3764,0.0000000017338855511920598,0.000000002884887115588312,0.000000003845498605498407,0.000000002932076139223353,0,20,23421,271,1
5,1,0.001,11,2325,0.00000007461890891246001,0.00000008233322650406209,0.00000008596905996180716,0.00000008238152303942604,0,20,23035,136,1
5,1,0.1,11,1879,0.0000006872031110727405,0.0000030577213820009883,0.000004770945141358634,0.0000033158381607503247,0,20,22592,53,1
