depth,surface_diff,svd_threshold,expansion_order,runtime,min_rel_err,mean_rel_err,max_rel_err,rel_l2_err,n_iter,n_oversamples,setup_time,cutoff_rank,rsvd
4,0,0,9,1551,0.000000000025994568986191438,0.0000000023838834035682666,0.00000000793564944254229,0.0000000028490255366545454,0,10,3451,193,1
4,0,0.0000001,9,1391,0.000000000023839173106503998,0.0000000023820919092611292,0.000000007929190317650528,0.000000002846557004189854,0,10,3433,193,1
4,0,0.00001,9,1378,0.0000000000027021088629063325,0.0000000013174905519431899,0.00000000593595900754161,0.0000000016049581422361604,0,10,3443,193,1
4,0,0.001,9,1341,0.0000000003818523060501431,0.000000029163340855967124,0.00000008462707587473991,0.0000000367813326293014,0,10,3300,127,1
4,0,0.1,9,1288,0.000000041005310546330343,0.0000038344550654420015,0.000005298918159244821,0.000003947077529284433,0,10,3121,49,1
