depth,expansion_order,block_size,runtime,min_rel_err,mean_rel_err,max_rel_err,rel_l2_err,setup_time
5,10,16,9988,0.000000000014970181371864145,0.000000000021195864797384797,0.00000000003488288867966985,0.000000000021794415120378065,3412
