depth,expansion_order,block_size,runtime,min_rel_err,mean_rel_err,max_rel_err,rel_l2_err,setup_time
5,7,32,1752,0.000000020760057606409505,0.0000000313831060299183,0.000000046302488262898814,0.000000032194309086371234,1820
